"1",male
"2",male
"3",male
"4",female
"5",male
"6",male
"7",male
"8",female
"9",brand
"10",female
"11",female
"12",brand
"13",female
"14",male
"15",brand
"16",female
"17",female
"18",female
"19",male
"20",female
"21",female
"22",male
"23",male
"24",male
"25",female
"26",brand
"27",male
"28",brand
"29",male
"30",brand
"31",male
"32",male
"33",female
"34",brand
"35",female
"36",brand
"37",male
"38",female
"39",brand
"40",brand
"41",brand
"42",brand
"43",brand
"44",male
"45",female
"46",brand
"47",male
"48",brand
"49",brand
"50",brand
"51",female
"52",female
"53",brand
"54",female
"55",male
"56",brand
"57",brand
"58",male
"59",female
"60",female
"61",male
"62",male
"63",female
"64",brand
"65",female
"66",female
"67",female
"68",brand
"69",male
"70",male
"71",female
"72",brand
"73",brand
"74",male
"75",male
"76",male
"77",male
"78",female
"79",male
"80",brand
"81",brand
"82",female
"83",brand
"84",female
"85",brand
"86",male
"87",female
"88",brand
"89",male
"90",brand
"91",female
"92",female
"93",brand
"94",brand
"95",female
"96",male
"97",brand
"98",brand
"99",brand
"100",female
"101",male
"102",brand
"103",brand
"104",brand
"105",female
"106",female
"107",male
"108",male
"109",male
"110",female
"111",female
"112",brand
"113",brand
"114",female
"115",brand
"116",male
"117",female
"118",female
"119",brand
"120",brand
"121",male
"122",brand
"123",female
"124",female
"125",male
"126",brand
"127",female
"128",male
"129",female
"130",female
"131",brand
"132",brand
"133",male
"134",male
"135",female
"136",brand
"137",brand
"138",female
"139",brand
"140",male
"141",brand
"142",brand
"143",female
"144",brand
"145",female
"146",male
"147",male
"148",brand
"149",male
"150",female
"151",male
"152",female
"153",male
"154",female
"155",brand
"156",male
"157",male
"158",female
"159",male
"160",brand
"161",female
"162",brand
"163",brand
"164",female
"165",male
"166",brand
"167",female
"168",male
"169",male
"170",male
"171",male
"172",male
"173",brand
"174",female
"175",brand
"176",male
"177",female
"178",brand
"179",male
"180",male
"181",brand
"182",male
"183",female
"184",female
"185",male
"186",female
"187",female
"188",female
"189",female
"190",male
"191",female
"192",male
"193",female
"194",female
"195",female
"196",brand
"197",female
"198",female
"199",female
"200",male
"201",female
"202",male
"203",brand
"204",brand
"205",female
"206",female
"207",male
"208",female
"209",female
"210",brand
"211",male
"212",male
"213",male
"214",brand
"215",female
"216",male
"217",female
"218",male
"219",male
"220",female
"221",brand
"222",male
"223",male
"224",brand
"225",male
"226",female
"227",male
"228",female
"229",female
"230",male
"231",female
"232",male
"233",female
"234",brand
"235",brand
"236",male
"237",female
"238",male
"239",female
"240",male
"241",female
"242",male
"243",female
"244",brand
"245",male
"246",brand
"247",female
"248",brand
"249",female
"250",brand
"251",male
"252",male
"253",female
"254",female
"255",female
"256",brand
"257",female
"258",male
"259",female
"260",brand
"261",brand
"262",male
"263",female
"264",male
"265",male
"266",female
"267",brand
"268",male
"269",female
"270",female
"271",female
"272",male
"273",brand
"274",male
"275",female
"276",male
"277",female
"278",male
"279",brand
"280",brand
"281",male
"282",female
"283",male
"284",male
"285",female
"286",brand
"287",male
"288",female
"289",female
"290",brand
"291",brand
"292",male
"293",brand
"294",male
"295",female
"296",female
"297",male
"298",brand
"299",female
"300",male
"301",brand
"302",female
"303",brand
"304",male
"305",female
"306",female
"307",female
"308",male
"309",male
"310",female
"311",male
"312",male
"313",female
"314",brand
"315",female
"316",female
"317",male
"318",brand
"319",male
"320",male
"321",male
"322",male
"323",female
"324",female
"325",brand
"326",brand
"327",brand
"328",brand
"329",male
"330",male
"331",male
"332",female
"333",brand
"334",brand
"335",male
"336",female
"337",female
"338",brand
"339",brand
"340",brand
"341",male
"342",brand
"343",female
"344",male
"345",brand
"346",female
"347",female
"348",female
"349",male
"350",male
"351",female
"352",male
"353",female
"354",brand
"355",brand
"356",female
"357",female
"358",male
"359",brand
"360",male
"361",female
"362",female
"363",female
"364",male
"365",male
"366",female
"367",brand
"368",female
"369",brand
"370",female
"371",brand
"372",male
"373",brand
"374",female
"375",male
"376",female
"377",brand
"378",male
"379",male
"380",male
"381",brand
"382",female
"383",brand
"384",male
"385",brand
"386",brand
"387",brand
"388",male
"389",brand
"390",brand
"391",male
"392",female
"393",female
"394",brand
"395",male
"396",male
"397",female
"398",female
"399",brand
"400",female
